timestamp,status,latency,error,res_size
1776756731.7726197,200,1.2967697999993106,,27520
1776756731.7816093,200,0.2900208000010025,,27520
1776756731.7841837,200,2.340008900000612,,27520
1776756731.9558902,200,0.07861319999938132,,27520
1776756731.9558902,200,0.07920559999911347,,27520
1776756731.9568896,200,0.07984409999880882,,27520
1776756732.0698237,200,0.07726850000108243,,27520
1776756732.1268616,200,3.1835579999988113,,27520
1776756732.1447394,200,0.07718349999959173,,27520
1776756732.1496217,200,0.08237109999936365,,27520
1776756732.1576173,200,2.1988032999997813,,27520
1776756732.1586182,200,3.736364099999264,,27520
1776756732.1681104,200,1.1873200000009092,,27520
1776756732.2319806,200,0.07538819999899715,,27520
1776756732.2999814,200,0.2314671999993152,,27520
1776756732.306731,200,0.07661069999994652,,27520
1776756732.3120031,200,0.08071839999865915,,27520
1776756732.4118652,200,0.075878499999817,,27520
1776756732.4279788,200,0.20598810000046797,,27520
1776756732.4742763,200,0.2154183999991801,,27520
1776756732.4790037,200,0.2228386999995564,,27520
1776756732.4867556,200,0.07786699999996927,,27520
1776756732.4885843,200,0.07961950000026263,,27520
1776756732.491576,200,0.08207819999915955,,27520
1776756732.5095441,200,0.21913229999881878,,27520
1776756732.5430264,200,0.07597309999982826,,27520
1776756732.6487837,200,0.07803849999982049,,27520
1776756732.6818328,200,0.0787335000004532,,27520
1776756732.682834,200,0.08081470000070112,,27520
1776756732.6838334,200,0.08089920000020356,,27520
1776756732.706528,200,0.20550689999981842,,27520
1776756732.756227,200,0.2161591000003682,,27520
1776756732.7876363,200,0.21695720000025176,,27520
1776756732.8207498,200,0.21765810000033525,,27520
1776756732.8288796,200,0.07877349999944272,,27520
1776756732.8547597,200,0.07468739999967511,,27520
1776756732.8568275,200,0.0769428000003245,,27520
1776756732.8603723,200,0.08003190000090399,,27520
1776756733.0025074,200,0.07744269999966491,,27520
1776756733.0196466,200,0.20499659999950381,,27520
1776756733.0317342,200,0.07708719999936875,,27520
1776756733.0317342,200,0.07818070000030275,,27520
1776756733.0383098,200,0.08152709999922081,,27520
1776756733.0632505,200,0.2137459999994462,,27520
1776756733.1093626,200,0.21704640000098152,,27520
1776756733.1421213,200,0.21748850000039965,,27520
1776756733.1822982,200,0.08020960000067134,,27520
1776756733.2137716,200,0.07879449999927601,,27520
1776756733.214771,200,0.08081339999989723,,27520
1776756733.2157714,200,0.08091969999986759,,27520
1776756733.267261,200,0.6191803000001528,,27520
1776756733.3135371,200,0.20528449999983422,,27520
1776756733.342424,200,0.07793049999963841,,27520
1776756733.3837926,200,0.07619439999871247,,27520
1776756733.3847926,200,0.07801409999956377,,27520
1776756733.38911,200,0.08099249999941094,,27520
1776756733.3906848,200,0.21953020000000834,,27520
1776756733.4292316,200,0.21823219999896537,,27520
1776756733.46646,200,0.2164756000001944,,27520
1776756733.5286782,200,0.07753630000115663,,27520
1776756733.5423372,200,0.075584299998809,,27520
1776756733.5445511,200,0.07750110000051791,,27520
1776756733.580624,200,0.08088610000049812,,27520
1776756733.5883176,200,0.21488880000106292,,27520
1776756733.6239798,200,0.2027644000008877,,27520
1776756733.703996,200,0.08156030000100145,,27520
1776756733.7128687,200,0.21270179999919492,,27520
1776756733.7254853,200,0.07586860000083107,,27520
1776756733.729691,200,0.07947750000130327,,27520
1776756733.7424405,200,0.21399670000027982,,27520
1776756733.775358,200,0.08076059999984864,,27520
1776756733.7832465,200,0.21629140000004554,,27520
1776756733.8946815,200,0.07628569999906176,,27520
1776756733.8946815,200,0.07639029999882041,,27520
1776756733.8966916,200,0.07744999999886204,,27520
1776756733.9088755,200,0.21345039999869186,,27520
1776756733.9288292,200,0.20485399999961373,,27520
1776756733.9619634,200,0.0803278000003047,,27520
1776756734.031969,200,0.21323259999917354,,27520
1776756734.066498,200,0.21487019999949553,,27520
1776756734.0863373,200,0.0760640999997122,,27520
1776756734.0863373,200,0.07610849999946367,,27520
1776756734.0890608,200,0.07816180000008899,,27520
1776756734.0986528,200,0.21693969999978435,,27520
1776756734.140448,200,0.0802917000000889,,27520
1776756734.225205,200,0.21420539999962784,,27520
1776756734.229365,200,0.2033171000002767,,27520
1776756734.2726524,200,0.0752080999991449,,27520
1776756734.2726524,200,0.07630149999931746,,27520
1776756734.2752962,200,0.07761710000158928,,27520
1776756734.3409235,200,0.08213190000060422,,27520
1776756734.3517184,200,0.21266509999986738,,27520
1776756734.3819294,200,0.21660789999987173,,27520
1776756734.417889,200,0.2204636999995273,,27520
1776756734.4534743,200,0.07791999999972177,,27520
1776756734.4534743,200,0.07754399999976158,,27520
1776756734.4540317,200,0.07792169999993348,,27520
1776756734.5292985,200,0.08417190000000119,,27520
1776756734.542588,200,0.2054680000001099,,27520
1776756734.5498507,200,0.21306550000008428,,27520
1776756734.6185641,200,0.0758932000007917,,27520
1776756734.6195683,200,0.07601509999949485,,27520
1776756734.6207259,200,0.0772527999997692,,27520
1776756734.6589365,200,0.21271919999890088,,27520
1776756734.69314,200,0.21591409999928146,,27520
1776756734.7023842,200,0.08131649999995716,,27520
1776756734.7446976,200,0.21765850000156206,,27520
1776756734.7775993,200,0.07716230000005453,,27520
1776756734.7775993,200,0.0777868999994098,,27520
1776756734.8029912,200,0.0770487999998295,,27520
1776756734.853363,200,0.20526170000084676,,27520
1776756734.8589842,200,0.21084030000019993,,27520
1776756734.883309,200,0.0827512999985629,,27520
1776756734.9579916,200,0.07599850000042352,,27520
1776756734.9579916,200,0.07697340000049735,,27520
1776756734.9701307,200,0.21223749999990105,,27520
1776756734.9904425,200,0.07735390000016196,,27520
1776756734.9939904,200,0.2171256000001449,,27520
1776756735.047982,200,0.08168750000004366,,27520
1776756735.065982,200,0.21866600000066683,,27520
1776756735.1222522,200,0.07572760000039125,,27520
1776756735.124252,200,0.07777100000021164,,27520
1776756735.1587622,200,0.2032822999990458,,27520
1776756735.1677077,200,0.21176390000073297,,27520
1776756735.1757085,200,0.0774676000000909,,27520
1776756735.235597,200,0.08306119999906514,,27520
1776756735.2724676,200,0.21299900000121852,,27520
1776756735.311003,200,0.07657319999998435,,27520
1776756735.312004,200,0.07806440000058501,,27520
1776756735.317918,200,0.21826949999922363,,27520
1776756735.34653,200,0.07919379999839293,,27520
1776756735.3695948,200,0.21672039999975823,,27520
1776756735.425521,200,0.0819154000000708,,27520
1776756735.471776,200,0.20471110000107728,,27520
1776756735.4795954,200,0.21270129999902565,,27520
1776756735.4865973,200,0.07802280000032624,,27520
1776756735.4875968,200,0.07807539999885194,,27520
1776756735.534029,200,0.07853830000021844,,27520
1776756735.5790935,200,0.2145579000007274,,27520
1776756735.6114345,200,0.08010819999981322,,27520
1776756735.6257355,200,0.21556840000084776,,27520
1776756735.6517055,200,0.07713859999967099,,27520
1776756735.6517055,200,0.07685709999896062,,27520
1776756735.6722026,200,0.21614100000078906,,27520
1776756735.6986845,200,0.07801070000095933,,27520
1776756735.7759845,200,0.20290360000035434,,27520
1776756735.7790492,200,0.08085620000019844,,27520
1776756735.7859845,200,0.21293300000070303,,27520
1776756735.8417714,200,0.07523810000020603,,27520
1776756735.845591,200,0.07845789999919361,,27520
1776756735.8859823,200,0.21726200000011886,,27520
1776756735.8895419,200,0.07760000000052969,,27520
1776756735.9516907,200,0.2168504999990546,,27520
1776756735.9571164,200,0.08219520000056946,,27520
1776756735.9833689,200,0.21600170000056096,,27520
1776756736.0217547,200,0.07596310000008089,,27520
1776756736.023722,200,0.0771428999996715,,27520
1776756736.0620508,200,0.0789757999991707,,27520
1776756736.0852938,200,0.21082709999973304,,27520
1776756736.0881379,200,0.21281989999988582,,27520
1776756736.142151,200,0.08188379999955941,,27520
1776756736.1922247,200,0.21499539999967965,,27520
1776756736.2090583,200,0.07635339999978896,,27520
1776756736.2100573,200,0.07637720000093395,,27520
1776756736.2449596,200,0.08040190000065195,,27520
1776756736.2764156,200,0.21672430000035092,,27520
1776756736.295767,200,0.21600260000013805,,27520
1776756736.3255143,200,0.08254000000124506,,27520
1776756736.370045,200,0.07664509999995062,,27520
1776756736.3732636,200,0.08004989999972167,,27520
1776756736.3899446,200,0.2035809999997582,,27520
1776756736.4007077,200,0.213866500000222,,27520
1776756736.4027083,200,0.07802260000062233,,27520
1776756736.5032558,200,0.2127152000011847,,27520
1776756736.5179603,200,0.0789716999988741,,27520
1776756736.5465887,200,0.07641470000089612,,27520
1776756736.5489817,200,0.07909300000028452,,27520
1776756736.578093,200,0.07998109999971348,,27520
1776756736.580756,200,0.21738790000017616,,27520
1776756736.6051817,200,0.2184278999993694,,27520
1776756736.68489,200,0.0794726999993145,,27520
1776756736.7018523,200,0.20446549999905983,,27520
1776756736.708191,200,0.21037430000069435,,27520
1776756736.7739213,200,0.12501669999983278,,27520
1776756736.788921,200,0.10641910000049393,,27520
1776756736.788921,200,0.1401372000000265,,27520
1776756736.8312352,200,0.23192800000106217,,27520
1776756736.8695996,200,0.08009750000019267,,27520
1776756736.9001696,200,0.21688220000032743,,27520
1776756736.916418,200,0.21719239999947604,,27520
1776756736.9443936,200,0.07745750000140106,,27520
1776756736.9710875,200,0.07684289999997418,,27520
1776756736.9740877,200,0.080042699999467,,27520
1776756737.0387905,200,0.20726049999939278,,27520
1776756737.0445132,200,0.21249369999895862,,27520
1776756737.0489464,200,0.0794861000013043,,27520
1776756737.1082075,200,0.07534250000026077,,27520
1776756737.1507802,200,0.07604709999941406,,27520
1776756737.152117,200,0.0771084999996674,,27520
1776756737.1582785,200,0.2160837999999785,,27520
1776756737.2202919,200,0.08029929999975138,,27520
1776756737.2235303,200,0.21636219999891182,,27520
1776756737.2266319,200,0.21900760000062292,,27520
1776756737.2921875,200,0.07545779999963997,,27520
1776756737.3358142,200,0.07551349999994272,,27520
1776756737.3389475,200,0.07803210000020044,,27520
1776756737.3429053,200,0.20415680000041903,,27520
1776756737.3509402,200,0.21158879999893543,,27520
1776756737.4158175,200,0.08159440000054019,,27520
1776756737.4746842,200,0.2133814999997412,,27520
1776756737.4766872,200,0.07516630000100122,,27520
1776756737.5249448,200,0.0764593000003515,,27520
1776756737.5278366,200,0.07947579999927257,,27520
1776756737.5499582,200,0.21513650000088091,,27520
1776756737.5499582,200,0.21568909999950847,,27520
1776756737.606613,200,0.08302670000011858,,27520
1776756737.6509857,200,0.07606800000030489,,27520
1776756737.6541207,200,0.204737699999896,,27520
1776756737.66659,200,0.21724559999893245,,27520
1776756737.6812935,200,0.07622930000070482,,27520
1776756737.718192,200,0.0791880000015226,,27520
1776756737.787914,200,0.21300349999910395,,27520
1776756737.7995021,200,0.0838461000003008,,27520
1776756737.8217256,200,0.07579860000078043,,27520
1776756737.8553903,200,0.07853099999920232,,27520
1776756737.8559022,200,0.21630310000000463,,27520
1776756737.8559022,200,0.21679279999989376,,27520
1776756737.8983638,200,0.07878329999948619,,27520
1776756737.9508183,200,0.20540540000001783,,27520
1776756737.9603262,200,0.21431330000086746,,27520
1776756737.977813,200,0.08137750000059896,,27520
1776756738.007074,200,0.0759171999998216,,27520
1776756738.0276349,200,0.076171599999725,,27520
1776756738.0849848,200,0.07914399999935995,,27520
1776756738.0999844,200,0.21417689999907452,,27520
1776756738.1682851,200,0.0754400000005262,,27520
1776756738.1692822,200,0.21725639999931445,,27520
1776756738.1708934,200,0.21845850000136124,,27520
1776756738.176293,200,0.09329769999931159,,27520
1776756738.228655,200,0.0767706000006001,,27520
1776756738.2465081,200,0.0794488999999885,,27520
1776756738.2615044,200,0.2047828999984631,,27520
1776756738.2717254,200,0.2142556999988301,,27520
1776756738.338294,200,0.07622570000057749,,27520
1776756738.3434377,200,0.08107040000140842,,27520
1776756738.4123852,200,0.07603860000017448,,27520
1776756738.420737,200,0.07955829999991693,,27520
1776756738.4252787,200,0.2134009999990667,,27520
1776756738.4793894,200,0.21720660000028147,,27520
1776756738.4813912,200,0.21890800000073796,,27520
1776756738.4940321,200,0.07592300000032992,,27520
1776756738.539242,200,0.08020140000007814,,27520
1776756738.5691915,200,0.20322649999980058,,27520
1776756738.5817065,200,0.21554180000021006,,27520
1776756738.5988934,200,0.07727969999905326,,27520
1776756738.6004074,200,0.07822720000149275,,27520
1776756738.6517208,200,0.07522819999940111,,27520
1776756738.7252796,200,0.0802544999987731,,27520
1776756738.736278,200,0.21363709999968705,,27520
1776756738.778558,200,0.21624510000037844,,27520
1776756738.782063,200,0.07547410000006494,,27520
1776756738.7846737,200,0.07727849999901082,,27520
1776756738.7943704,200,0.2179777000001195,,27520
1776756738.8424075,200,0.07465579999916372,,27520
1776756738.857618,200,0.2061133000006521,,27520
1776756738.8895333,200,0.21348240000043006,,27520
1776756738.912062,200,0.08163409999906435,,27520
1776756738.9594095,200,0.07672860000093351,,27520
1776756738.96141,200,0.07801440000002913,,27520
1776756739.029025,200,0.07568159999937052,,27520
1776756739.045808,200,0.21514679999927466,,27520
1776756739.0979931,200,0.08149279999997816,,27520
1776756739.1026385,200,0.2203324000001885,,27520
1776756739.1033926,200,0.21703730000081123,,27520
1776756739.1230867,200,0.07695649999914167,,27520
1776756739.1254632,200,0.07900379999955476,,27520
1776756739.16031,200,0.2057492000003549,,27520
1776756739.1955757,200,0.07489749999876949,,27520
1776756739.2036772,200,0.2187180000000808,,27520
1776756739.2747598,200,0.0814198000007309,,27520
1776756739.312727,200,0.07669280000118306,,27520
1776756739.3173597,200,0.0811375000012049,,27520
1776756739.3669462,200,0.21342949999962002,,27520
1776756739.387382,200,0.07642719999967085,,27520
1776756739.4116738,200,0.2170244000008097,,27520
1776756739.4116738,200,0.21733619999940856,,27520
1776756739.4423227,200,0.08208530000047176,,27520
1776756739.471992,200,0.2051766000004136,,27520
1776756739.4820316,200,0.0775391999995918,,27520
1776756739.486727,200,0.08222009999917645,,27520
1776756739.5254629,200,0.21434299999964423,,27520
1776756739.554938,200,0.07503299999916635,,27520
1776756739.6337907,200,0.08128899999974237,,27520
1776756739.6675856,200,0.07706719999987399,,27520
1776756739.6696694,200,0.07896409999921161,,27520
1776756739.6847308,200,0.21958380000069155,,27520
1776756739.7301128,200,0.21643419999963953,,27520
1776756739.7321107,200,0.21820130000014615,,27520
1776756739.7408714,200,0.07539629999882891,,27520
1776756739.794398,200,0.20481239999935497,,27520
1776756739.804806,200,0.08160820000011881,,27520
1776756739.832004,200,0.2115289000012126,,27520
1776756739.8637152,200,0.07589349999943806,,27520
1776756739.8658042,200,0.07803939999939757,,27520
1776756739.8977256,200,0.07587580000108574,,27520
1776756739.9794443,200,0.0799750000005588,,27520
1776756740.0049014,200,0.2166914999997971,,27520
1776756740.038188,200,0.21602590000111377,,27520
1776756740.0448146,200,0.21936540000024252,,27520
1776756740.046827,200,0.07570359999954235,,27520
1776756740.051841,200,0.07728550000138057,,27520
1776756740.0719645,200,0.07623269999930926,,27520
1776756740.1039662,200,0.2044187999999849,,27520
1776756740.144746,200,0.21297840000079304,,27520
1776756740.151768,200,0.07976579999922251,,27520
1776756740.215894,200,0.07767760000024282,,27520
1776756740.2170968,200,0.07868760000019392,,27520
1776756740.2293835,200,0.07831889999943087,,27520
1776756740.3122864,200,0.21485700000084762,,27520
1776756740.3485749,200,0.08085399999981746,,27520
1776756740.3532207,200,0.21565929999997024,,27520
1776756740.3598373,200,0.2221654999993916,,27520
1776756740.385202,200,0.07610060000115482,,27520
1776756740.3862007,200,0.07689819999905012,,27520
1776756740.389396,200,0.07990569999856234,,27520
1776756740.398467,200,0.20557510000071488,,27520
1776756740.4483857,200,0.21190500000011525,,27520
1776756740.527728,200,0.08039029999963532,,27520
1776756740.5631263,200,0.07791460000044026,,27520
1776756740.563651,200,0.078666899999007,,27520
1776756740.5646408,200,0.07941419999951904,,27520
1776756740.638219,200,0.21545010000045295,,27520
1776756740.6628761,200,0.21567990000039572,,27520
1776756740.69236,200,0.20698219999940193,,27520
1776756740.7061863,200,0.22130579999975453,,27520
1776756740.7131855,200,0.08270859999902314,,27520
1776756740.7349806,200,0.07926260000022012,,27520
1776756740.7359807,200,0.0796807999995508,,27520
1776756740.7359807,200,0.07986830000118061,,27520
1776756740.7429786,200,0.2150906999995641,,27520
1776756740.887514,200,0.08050720000028377,,27520
1776756740.9252684,200,0.07675629999903322,,27520
1776756740.9262674,200,0.07670879999932367,,27520
1776756740.9282663,200,0.0796410000002652,,27520
1776756740.947386,200,0.21514830000160146,,27520
1776756740.9846706,200,0.20562229999995907,,27520
1776756740.9947476,200,0.2160396999988734,,27520
1776756741.024829,200,0.21792760000062117,,27520
1776756741.0617764,200,0.07958639999924344,,27520
1776756741.0643706,200,0.21511939999982133,,27520
1776756741.0929573,200,0.07626629999867873,,27520
1776756741.0939584,200,0.07672989999991842,,27520
1776756741.0974936,200,0.07931060000009893,,27520
1776756741.2477078,200,0.07963680000102613,,27520
1776756741.2720919,200,0.21444200000041747,,27520
1776756741.274234,200,0.07418049999978393,,27520
1776756741.2757757,200,0.07624469999973371,,27520
1776756741.2805526,200,0.08043670000006387,,27520
1776756741.2958114,200,0.20574979999946663,,27520
1776756741.3074949,200,0.21720209999875806,,27520
1776756741.3393795,200,0.2183669000005466,,27520
1776756741.3825026,200,0.21447819999957574,,27520
1776756741.4195154,200,0.0796288999990793,,27520
1776756741.442543,200,0.07631949999995413,,27520
1776756741.4434974,200,0.07748519999950076,,27520
1776756741.454237,200,0.0785582999997132,,27520
1776756741.580904,200,0.21549769999910495,,27520
1776756741.612881,200,0.07748519999950076,,27520
1776756741.613869,200,0.07766939999964961,,27520
1776756741.6174586,200,0.08224340000015218,,27520
1776756741.618459,200,0.2055516999989777,,27520
1776756741.630657,200,0.21783379999942554,,27520
1776756741.6454325,200,0.07919619999847782,,27520
1776756741.6599305,200,0.21977770000012242,,27520
1776756741.6891978,200,0.21459409999988566,,27520
1776756741.7998974,200,0.07703109999965818,,27520
1776756741.8015854,200,0.07843490000050224,,27520
1776756741.8052967,200,0.08186860000023444,,27520
1776756741.8354218,200,0.07979270000032557,,27520
1776756741.8977556,200,0.21502440000040224,,27520
1776756741.9309216,200,0.20748009999988426,,27520
1776756741.940469,200,0.21687759999986156,,27520
1776756741.9648192,200,0.07441309999921941,,27520
1776756741.967818,200,0.07748899999933201,,27520
1776756741.9708178,200,0.08019120000062685,,27520
1776756741.9754412,200,0.21912240000165184,,27520
1776756742.0015252,200,0.07770940000045812,,27520
1776756742.0129218,200,0.21523730000080832,,27520
1776756742.1589656,200,0.07613119999950868,,27520
1776756742.159963,200,0.07625580000058108,,27520
1776756742.1649182,200,0.08162840000113647,,27520
1776756742.1923764,200,0.07885189999979048,,27520
1776756742.2150705,200,0.21491040000000794,,27520
1776756742.2233322,200,0.21044799999981478,,27520
1776756742.2552314,200,0.21941240000160178,,27520
1776756742.3030918,200,0.21934110000074725,,27520
1776756742.325433,200,0.07772840000143333,,27520
1776756742.325433,200,0.07763370000066061,,27520
1776756742.3295765,200,0.2152176999989024,,27520
1776756742.3295765,200,0.08152330000120855,,27520
1776756742.3746147,200,0.07883969999966212,,27520
1776756742.5149837,200,0.07634709999911138,,27520
1776756742.517393,200,0.07800850000057835,,27520
1776756742.5197303,200,0.08009870000023511,,27520
1776756742.529433,200,0.20742280000013125,,27520
1776756742.5433517,200,0.22086359999957494,,27520
1776756742.5627072,200,0.07898700000077952,,27520
1776756742.5835445,200,0.22240700000111246,,27520
1776756742.625466,200,0.2184354999990319,,27520
1776756742.6523848,200,0.21331760000066424,,27520
1776756742.6982942,200,0.07951900000080059,,27520
1776756742.6992893,200,0.08067259999916132,,27520
1776756742.69947,200,0.08026240000071994,,27520
1776756742.7316096,200,0.07841050000024552,,27520
1776756742.826735,200,0.20393929999954707,,27520
1776756742.8592005,200,0.2132318000003579,,27520
1776756742.879373,200,0.07582319999892206,,27520
1776756742.879373,200,0.0764660000004369,,27520
1776756742.8836606,200,0.08007290000023204,,27520
1776756742.9032183,200,0.07905050000044866,,27520
1776756742.904799,200,0.2173865000004298,,27520
1776756742.9429762,200,0.22044819999973697,,27520
1776756742.9681833,200,0.21252929999900516,,27520
1776756743.0428865,200,0.07703370000126597,,27520
1776756743.0434031,200,0.07695590000002994,,27520
1776756743.0479941,200,0.08144480000009935,,27520
1776756743.08599,200,0.07895899999857647,,27520
1776756743.1359882,200,0.20714980000047944,,27520
1776756743.1787224,200,0.216574899999614,,27520
1776756743.2254481,200,0.21809570000004896,,27520
1776756743.2358887,200,0.07527400000071793,,27520
1776756743.2384517,200,0.07709580000118876,,27520
1776756743.2420855,200,0.08035930000005465,,27520
1776756743.2532272,200,0.08173799999894982,,27520
1776756743.258938,200,0.21813230000043404,,27520
1776756743.2974966,200,0.21408419999897887,,27520
1776756743.41032,200,0.0763939999997092,,27520
1776756743.4123209,200,0.07830819999981031,,27520
1776756743.4153204,200,0.08126489999995101,,27520
1776756743.4248335,200,0.2071737000005669,,27520
1776756743.4434276,200,0.07842160000109288,,27520
1776756743.5042188,200,0.21719909999956144,,27520
1776756743.5508294,200,0.217173000000912,,27520
1776756743.572859,200,0.07613990000027115,,27520
1776756743.57386,200,0.07773599999927683,,27520
1776756743.577859,200,0.08056129999931727,,27520
1776756743.5828602,200,0.21812560000034864,,27520
1776756743.6157982,200,0.07808010000007926,,27520
1776756743.6223147,200,0.21391289999883156,,27520
1776756743.7426374,200,0.20549019999998563,,27520
1776756743.7526393,200,0.07702120000067225,,27520
1776756743.7526393,200,0.07653729999947245,,27520
1776756743.7580824,200,0.08133669999915583,,27520
1776756743.8024836,200,0.08074050000141142,,27520
1776756743.8279185,200,0.21443700000054378,,27520
1776756743.8651862,200,0.219549299999926,,27520
1776756743.8955357,200,0.21848970000064583,,27520
1776756743.9282174,200,0.07674860000042827,,27520
1776756743.9292195,200,0.07673649999924237,,27520
1776756743.934024,200,0.08156210000015562,,27520
1776756743.9349601,200,0.21230949999880977,,27520
1776756743.9670951,200,0.07888109999839799,,27520
1776756744.0316148,200,0.20684319999963918,,27520
1776756744.042186,200,0.07561600000008184,,27520
1776756744.0431864,200,0.07619700000032026,,27520
1776756744.071999,200,0.07930300000043644,,27520
1776756744.1022296,200,0.07768450000003213,,27520
1776756744.1423965,200,0.21665480000046955,,27520
1776756744.1792467,200,0.2190984999997454,,27520
1776756744.185355,200,0.21949420000055397,,27520
1776756744.2108724,200,0.07539120000001276,,27520
1776756744.2119012,200,0.07625999999982014,,27520
1776756744.217025,200,0.08034530000077211,,27520
1776756744.2382689,200,0.2137882000006357,,27520
1776756744.2517426,200,0.22241650000069058,,27520
1776756744.2547414,200,0.08062119999885908,,27520
1776756744.2751427,200,0.20541489999959595,,27520
1776756744.3762927,200,0.07464560000153142,,27520
1776756744.3785648,200,0.07663060000049882,,27520
1776756744.3851213,200,0.08282549999967159,,27520
1776756744.3986013,200,0.21321489999900223,,27520
1776756744.4102387,200,0.076337099999364,,27520
1776756744.4444902,200,0.08003589999862015,,27520
1776756744.4484842,200,0.2169990999991569,,27520
1776756744.4877646,200,0.2192656999995961,,27520
1776756744.5484862,200,0.21479960000033316,,27520
1776756744.5569103,200,0.07661549999829731,,27520
1776756744.5583353,200,0.07702720000088448,,27520
1776756744.5608206,200,0.07871479999994335,,27520
1776756744.561745,200,0.08050969999931112,,27520
1776756744.56431,200,0.08123349999914353,,27520
1776756744.569511,200,0.20489210000050662,,27520
1776756744.591269,200,0.2258849999998347,,27520
1776756744.6147628,200,0.5864819999987958,,27520
1776756744.6974428,200,0.21552800000063144,,27520
1776756744.700129,200,0.2170151000009355,,27520
1776756744.7316298,200,0.21883600000001024,,27520
1776756744.7328756,200,0.07672839999941061,,27520
1776756744.7328756,200,0.07735330000105023,,27520
1776756744.7338755,200,0.07774280000012368,,27520
1776756744.7383265,200,0.08046780000040599,,27520
1776756744.7383265,200,0.08173840000017663,,27520
1776756744.7383265,200,0.08199669999885373,,27520
1776756744.766464,200,0.2247693999997864,,27520
1776756744.77446,200,0.23360569999931613,,27520
1776756744.8042583,200,0.2135240999996313,,27520
1776756744.8606,200,0.20374809999884747,,27520
1776756744.8856397,200,0.20249510000030568,,27520
1776756744.9147007,200,0.21467589999883785,,27520
1776756744.9296777,200,0.07547209999938786,,27520
1776756744.9306774,200,0.07660729999952309,,27520
1776756744.9322133,200,0.07679620000089926,,27520
1776756744.9322133,200,0.07793740000124671,,27520
1776756744.9332008,200,0.07834279999951832,,27520
1776756744.9352002,200,0.08018550000087998,,27520
1776756744.936391,200,0.08086229999935313,,27520
1776756744.937429,200,0.08226509999985865,,27520
1776756745.0151694,200,0.21843269999953918,,27520
1776756745.0158095,200,0.21862009999858856,,27520
1776756745.0459216,200,0.07792930000141496,,27520
1776756745.0468776,200,0.0779091000003973,,27520
1776756745.0478785,200,0.07835700000032375,,27520
1776756745.0488777,200,0.08032060000005004,,27520
1776756745.0691152,200,0.21310860000085086,,27520
1776756745.0865676,200,0.07887189999928523,,27520
1776756745.0919209,200,0.07944539999880362,,27520
1776756745.0935934,200,0.08097359999919718,,27520
1776756745.0935934,200,0.6103867000001628,,27520
1776756745.0956085,200,0.08253759999934118,,27520
1776756745.0976064,200,0.20608940000056464,,27520
1776756745.0986094,200,0.6156766999993124,,27520
1776756745.1709492,200,0.20384569999987434,,27520
1776756745.1825635,200,0.21483339999940654,,27520
1776756745.19017,200,0.07656830000087211,,27520
1776756745.19017,200,0.0774094000007608,,27520
1776756745.2307415,200,0.0771881000000576,,27520
1776756745.2317774,200,0.07816400000046997,,27520
1776756745.233789,200,0.0792834000003495,,27520
1776756745.2355163,200,0.08043060000090918,,27520
1776756745.2509475,200,0.07977399999981571,,27520
1776756745.2591734,200,0.21559180000076594,,27520
1776756745.2618787,200,0.21790409999994154,,27520
1776756745.2643929,200,0.22023240000089572,,27520
1776756745.265392,200,0.07695009999952163,,27520
1776756745.3390396,200,0.07710960000076739,,27520
1776756745.3410318,200,0.07858649999980116,,27520
1776756745.3673403,200,0.07584870000027877,,27520
1776756745.3689961,200,0.21456489999945916,,27520
1776756745.3719304,200,0.08017210000070918,,27520
1776756745.3939016,200,0.20489850000012666,,27520
1776756745.3954053,200,0.20669710000038322,,27520
1776756745.4001405,200,0.21150510000006761,,27520
1776756745.4011388,200,0.21205910000026051,,27520
1776756745.4055457,200,0.21635830000013812,,27520
1776756745.4158149,200,0.07855000000017753,,27520
1776756745.4188876,200,0.07781169999907434,,27520
1776756745.421742,200,0.08438410000053409,,27520
1776756745.421742,200,0.08450850000008359,,27520
1776756745.4365008,200,0.07463250000000698,,27520
1776756745.4394968,200,0.07733799999914481,,27520
1776756745.4450395,200,0.08376400000088324,,27520
1776756745.4943497,200,0.07623400000011316,,27520
1776756745.5355937,200,0.0813464999991993,,27520
1776756745.5548916,200,0.216785799999343,,27520
1776756745.5593972,200,0.21852709999984654,,27520
1776756745.5603974,200,0.0805990999997448,,27520
1776756745.5680907,200,0.0750778999990871,,27520
1776756745.570089,200,0.07776379999995697,,27520
1776756745.5735373,200,0.08054840000113472,,27520
1776756745.5755901,200,0.08313769999949727,,27520
1776756745.5998955,200,0.07636569999885978,,27520
1776756745.601446,200,0.07775729999957548,,27520
1776756745.6039512,200,0.07976240000061807,,27520
1776756745.6240997,200,0.6109699000007822,,27520
1776756745.647462,200,0.2126415000002453,,27520
1776756745.6526184,200,0.07927370000106748,,27520
1776756745.6593142,200,0.2049408000002586,,27520
1776756745.6698017,200,0.6253761999996641,,27520
1776756745.6840773,200,0.20589269999982207,,27520
1776756745.6900878,200,0.21092750000025262,,27520
1776756745.6943,200,0.21569090000048163,,27520
1776756745.6977916,200,0.21860759999981383,,27520
1776756745.7276087,200,0.0745520000000397,,27520
1776756745.7295287,200,0.07606789999954344,,27520
1776756745.73113,200,0.07881450000058976,,27520
1776756745.735021,200,0.0816106000002037,,27520
1776756745.7456088,200,0.22162720000051195,,27520
1776756745.747609,200,0.07765540000036708,,27520
1776756745.7486618,200,0.21529049999844574,,27520
1776756745.7517319,200,0.0823597000016889,,27520
1776756745.7602234,200,0.22651130000122066,,27520
1776756745.7602234,200,0.07681159999992815,,27520
1776756745.763358,200,0.07928089999950316,,27520
1776756745.8063822,200,0.076408499999161,,27520
1776756745.8403797,200,0.2161393999995198,,27520
1776756745.8671157,200,0.2266553000008571,,27520
1776756745.8796027,200,0.0792063999997481,,27520
1776756745.896912,200,0.21242309999979625,,27520
1776756745.9092917,200,0.07899689999976545,,27520
1776756745.9102902,200,0.07828760000120383,,27520
1776756745.9102902,200,0.07943859999977576,,27520
1776756745.9102902,200,0.07917879999877186,,27520
1776756745.914858,200,0.07438769999862416,,27520
1776756745.9173791,200,0.0768514999999752,,27520
1776756745.917891,200,0.076041800000894,,27520
1776756745.9188838,200,0.07740430000012566,,27520
1776756745.920363,200,0.07833149999896705,,27520
1776756745.9234676,200,0.08210019999933138,,27520
1776756745.9374828,200,0.07768249999935506,,27520
1776756745.9401507,200,0.2136700999999448,,27520
1776756745.9527025,200,0.2068143999986205,,27520
1776756745.9664936,200,0.22024320000127773,,27520
1776756745.9674869,200,0.20631300000059127,,27520
1776756746.0111337,200,0.21097220000046946,,27520
1776756746.0121472,200,0.21600709999984247,,27520
1776756746.0192695,200,0.22044049999931303,,27520
1776756746.0248382,200,0.07545500000014727,,27520
1776756746.0381546,200,0.07578760000069451,,27520
1776756746.0421872,200,0.07772659999864118,,27520
1776756746.0442564,200,0.07846480000080192,,27520
1776756746.047811,200,0.08471800000006624,,27520
1776756746.062019,200,0.0774520000013581,,27520
1776756746.0818448,200,0.07614959999955317,,27520
1776756746.0818448,200,0.07628230000045733,,27520
1776756746.0818448,200,0.07948100000066916,,27520
1776756746.087768,200,0.07994560000042839,,27520
1776756746.0882862,200,0.07728789999964647,,27520
1776756746.0894177,200,0.08188569999947504,,27520
1776756746.1051319,200,0.2163405999999668,,27520
1776756746.1395168,200,0.07681619999857503,,27520
1776756746.1403317,200,0.0777232999989792,,27520
1776756746.1527424,200,0.21900739999910002,,27520
1776756746.177213,200,0.21263899999939895,,27520
1776756746.1858923,200,0.0791761000000406,,27520
1776756746.186894,200,0.07958499999949709,,27520
1776756746.186894,200,0.07971270000052755,,27520
1776756746.1887655,200,0.08072460000039428,,27520
1776756746.2113168,200,0.07674459999907413,,27520
1776756746.2125807,200,0.07792990000052669,,27520
1776756746.2158139,200,0.07926320000115084,,27520
1776756746.2163556,200,0.20511869999972987,,27520
1776756746.2163556,200,0.2048146999986784,,27520
1776756746.2163556,200,0.07994259999941278,,27520
1776756746.2228756,200,0.6907140000002983,,27520
1776756746.2250538,200,0.2132292000005691,,27520
1776756746.22863,200,0.07599690000097326,,27520
1776756746.22863,200,0.21783380000124453,,27520
1776756746.2484038,200,0.07783500000005006,,27520
1776756746.2484038,200,0.07805539999935718,,27520
1776756746.2499645,200,0.2107092999995075,,27520
1776756746.2505822,200,0.2110474000000977,,27520
1776756746.2515814,200,0.08140540000022156,,27520
1776756746.25327,200,0.7291299999997136,,27520
1776756746.262635,200,0.21878010000000359,,27520
1776756746.2898624,200,0.08064940000076604,,27520
1776756746.324829,200,0.0824544999995851,,27520
1776756746.324829,200,0.07985720000033325,,27520
1776756746.325828,200,0.08266600000024482,,27520
1776756746.339073,200,0.0760511000007682,,27520
1776756746.3647435,200,0.07670340000004217,,27520
1776756746.368433,200,0.07988400000067486,,27520
1776756746.3876266,200,0.21718789999977162,,27520
1776756746.3903158,200,0.21910490000118443,,27520
1776756746.398627,200,0.2136276999990514,,27520
1776756746.3992088,200,0.07531829999970796,,27520
1776756746.3996863,200,0.0760733999995864,,27520
1776756746.4002042,200,0.07980219999990368,,27520
1776756746.4002042,200,0.08074790000137,,27520
1776756746.4043224,200,0.08022580000033486,,27520
1776756746.438186,200,0.07424929999979213,,27520
1776756746.4416919,200,0.07811839999885706,,27520
1776756746.4436917,200,0.0794633999994403,,27520
1776756746.4436917,200,0.08011550000082934,,27520
1776756746.4476917,200,0.08458740000060061,,27520
1776756746.4566936,200,0.07686479999938456,,27520
1776756746.4934225,200,0.20505389999925683,,27520
1776756746.4952266,200,0.20672600000034436,,27520
1776756746.5084324,200,0.07855770000060147,,27520
1776756746.5305777,200,0.07680570000047737,,27520
1776756746.5326731,200,0.07794520000061311,,27520
1776756746.5342286,200,0.21053889999893727,,27520
1776756746.53523,200,0.21139810000022408,,27520
1776756746.53523,200,0.21531259999937902,,27520
1776756746.5372272,200,0.21382699999958277,,27520
1776756746.5527449,200,0.07629760000054375,,27520
1776756746.5548847,200,0.0771943999989162,,27520
1776756746.5554533,200,0.07847339999898395,,27520
1776756746.557255,200,0.07992799999919953,,27520
1776756746.5578272,200,0.2376444999990781,,27520
1776756746.5633986,200,0.07706320000033884,,27520
1776756746.5655522,200,0.07827569999972184,,27520
1776756746.5655522,200,0.07718229999954929,,27520
1776756746.5655522,200,0.07935309999993478,,27520
1776756746.5655522,200,0.07905169999867212,,27520
1776756746.576981,200,0.21402090000083263,,27520
1776756746.6064634,200,0.0780916999992769,,27520
1776756746.6135826,200,0.25088920000052894,,27520
1776756746.624969,200,0.07603159999962372,,27520
1776756746.6401887,200,0.20990720000008878,,27520
1776756746.646375,200,0.21617429999969318,,27520
1776756746.6503801,200,0.21985060000042722,,27520
1776756746.651381,200,0.07769050000024436,,27520
1776756746.700302,200,0.0767825000002631,,27520
1776756746.700302,200,0.07730830000036804,,27520
1776756746.7013018,200,0.07785990000047605,,27520
1776756746.7053893,200,0.0815442000002804,,27520
1776756746.711652,200,0.2045431999995344,,27520
1776756746.713352,200,0.07543009999972128,,27520
1776756746.7143507,200,0.0767348999997921,,27520
1776756746.71535,200,0.07772729999851435,,27520
1776756746.718352,200,0.07993499999975029,,27520
1776756746.730247,200,0.20195980000062264,,27520
1776756746.737218,200,0.07472859999870707,,27520
1776756746.739827,200,0.07842890000029001,,27520
1776756746.7418256,200,0.08081539999875531,,27520
1776756746.7458751,200,0.21745650000048045,,27520
1776756746.756705,200,0.2284328000005189,,27520
1776756746.7850583,200,0.21074829999997746,,27520
1776756746.789604,200,0.07526559999860183,,27520
1776756746.80412,200,0.07392579999941518,,27520
1776756746.8065095,200,0.07622810000066238,,27520
1776756746.8065095,200,0.07648770000014338,,27520
1776756746.809671,200,0.2118995000000723,,27520
1776756746.8126016,200,0.08189700000002631,,27520
1776756746.837151,200,0.21440419999998994,,27520
1776756746.837151,200,0.2152274000000034,,27520
1776756746.8738484,200,0.23593799999980547,,27520
1776756746.8785677,200,0.2168904999998631,,27520
1776756746.880237,200,0.07743370000025607,,27520
1776756746.880237,200,0.07765719999952125,,27520
1776756746.8812354,200,0.07790229999955045,,27520
1776756746.8904605,200,0.08678759999929753,,27520
1776756746.8904605,200,0.21741829999882611,,27520
1776756746.8904605,200,0.08026299999983166,,27520
1776756746.8904605,200,0.08007100000031642,,27520
1776756746.8921225,200,0.08131580000008398,,27520
1776756746.9045842,200,0.0747047000004386,,27520
1776756746.9103708,200,0.0768802999991749,,27520
1776756746.91274,200,0.2509695000007923,,27520
1776756746.91368,200,0.083384899999146,,27520
1776756746.9238808,200,0.2247786999996606,,27520
1776756746.9238808,200,0.2251230999991094,,27520
1776756746.9373777,200,0.07573229999979958,,27520
1776756746.9397645,200,0.07787559999997029,,27520
1776756746.9517672,200,0.07920890000059444,,27520
1776756746.9749696,200,0.08478370000011637,,27520
1776756746.9941058,200,0.07559149999906367,,27520
1776756746.9976406,200,0.07963440000094124,,27520
1776756747.0059166,200,0.2024381999999605,,27520
1776756747.0069168,200,0.20402259999900707,,27520
1776756747.0447876,200,0.21169430000009015,,27520
1776756747.0447876,200,0.07608319999962987,,27520
1776756747.0469565,200,0.076501499999722,,27520
1776756747.0485492,200,0.07599750000008498,,27520
1776756747.0485492,200,0.07872279999901366,,27520
1776756747.0495493,200,0.0763821000000462,,27520
1776756747.0523825,200,0.08082869999998366,,27520
1776756747.0523825,200,0.08053900000049907,,27520
1776756747.069034,200,0.07599159999881522,,27520
1776756747.0701115,200,0.0781408000002557,,27520
1776756747.0701115,200,0.07720599999993283,,27520
1776756747.0721111,200,0.07629329999872425,,27520
1776756747.0750048,200,0.07938699999976961,,27520
1776756747.0760028,200,0.08042810000006284,,27520
1776756747.085787,200,0.21255750000091211,,27520
1776756747.0935996,200,0.6047675000008894,,27520
1776756747.1043808,200,0.21366699999998673,,27520
1776756747.1043808,200,0.21352979999937816,,27520
1776756747.1086454,200,0.07824610000170651,,27520
1776756747.114182,200,0.6256860999983473,,27520
1776756747.1199882,200,0.2168629999996483,,27520
1776756747.1221845,200,0.5952003999991575,,27520
1776756747.1381607,200,0.23786389999986568,,27520
1776756747.1541514,200,0.08020729999952891,,27520
1776756747.166353,200,0.07465810000030615,,27520
1776756747.1699452,200,0.07792780000090715,,27520
1776756747.1719708,200,0.08158260000163864,,27520
1776756747.1795974,200,0.21115699999973003,,27520
1776756747.2086027,200,0.215984300000855,,27520
1776756747.210535,200,0.21806740000101854,,27520
1776756747.2143104,200,0.07657020000078774,,27520
1776756747.2143104,200,0.07548399999905087,,27520
1776756747.2143104,200,0.07647739999993064,,27520
1776756747.2153099,200,0.07760319999943022,,27520
1776756747.2153099,200,0.076925499999561,,27520
1776756747.217311,200,0.07923389999996289,,27520
1776756747.2183113,200,0.08051230000091891,,27520
1776756747.2191334,200,0.08008020000124816,,27520
1776756747.2246468,200,0.25114960000064457,,27520
1776756747.2351663,200,0.2043254000000161,,27520
1776756747.238165,200,0.20726869999998598,,27520
1776756747.243375,200,0.0915858999996999,,27520
1776756747.2458284,200,0.07616450000023178,,27520
1776756747.259043,200,0.22744319999947038,,27520
1776756747.2768233,200,0.21099510000021837,,27520
1776756747.2778213,200,0.07589879999977711,,27520
1776756747.2778213,200,0.07645119999870076,,27520
1776756747.2803645,200,0.07782860000043001,,27520
1776756747.2828496,200,0.24004559999957564,,27520
1776756747.2907126,200,0.07569929999954184,,27520
1776756747.34696,200,0.07687950000035926,,27520
1776756747.3488228,200,0.07907580000028247,,27520
1776756747.3488228,200,0.07896230000005744,,27520
1776756747.3662045,200,0.21369749999939813,,27520
1776756747.3662045,200,0.2139374999987922,,27520
1776756747.3662045,200,0.21412000000054832,,27520
1776756747.382715,200,0.21354490000157966,,27520
1776756747.3893204,200,0.2195308999998815,,27520
1776756747.3978,200,0.20830629999909434,,27520
1776756747.403035,200,0.07653939999909198,,27520
1776756747.4050355,200,0.21612239999922167,,27520
1776756747.4050355,200,0.0768158000009862,,27520
1776756747.4050355,200,0.07731969999986177,,27520
1776756747.4050355,200,0.078501400001187,,27520
1776756747.4060354,200,0.07741170000008424,,27520
1776756747.4060354,200,0.07856679999895277,,27520
1776756747.408035,200,0.08076710000023013,,27520
1776756747.408035,200,0.08177520000026561,,27520
1776756747.408035,200,0.08070430000043416,,27520
1776756747.4093516,200,0.08271100000092702,,27520
1776756747.4238636,200,0.078277500000695,,27520
1776756747.4255607,200,0.235856799999965,,27520
1776756747.4278424,200,0.08176110000022163,,27520
1776756747.451095,200,0.22150069999952393,,27520
1776756747.4536126,200,0.07723820000137493,,27520
1776756747.4536126,200,0.07695710000007239,,27520
1776756747.4536126,200,0.07767730000159645,,27520
1776756747.4541662,200,0.07786310000119556,,27520
1776756747.4648051,200,0.21912189999966358,,27520
1776756747.5267365,200,0.07692059999862977,,27520
1776756747.5267365,200,0.0772913000000699,,27520
1776756747.528749,200,0.201089399999546,,27520
1776756747.5317595,200,0.20467180000014196,,27520
1776756747.5383449,200,0.21171080000021902,,27520
1776756747.544455,200,0.07728010000028007,,27520
1776756747.544455,200,0.07964480000009644,,27520
1776756747.544455,200,0.07916230000046198,,27520
1776756747.544455,200,0.07786209999903804,,27520
1776756747.5717616,200,0.07516410000062024,,27520
1776756747.5717616,200,0.07602229999974952,,27520
1776756747.5754316,200,0.07963269999891054,,27520
1776756747.5754316,200,0.07760770000095363,,27520
1776756747.5764449,200,0.08013619999837829,,27520
1776756747.5764449,200,0.0793589000004431,,27520
1776756747.5764449,200,0.2496649000004254,,27520
1776756747.5764449,200,0.08069849999992584,,27520
1776756747.5764449,200,0.081278999999995,,27520
1776756747.5789597,200,0.08259209999960149,,27520
1776756747.5789597,200,0.08275609999873268,,27520
1776756747.5819788,200,0.20860890000039944,,27520
1776756747.588115,200,0.21256780000112485,,27520
1776756747.588115,200,0.5945164000004297,,27520
1776756747.6194363,200,0.07634090000101423,,27520
1776756747.6194363,200,0.07671879999907105,,27520
1776756747.6467392,200,0.07703150000088499,,27520
1776756747.6553729,200,0.20682400000077905,,27520
1776756747.6579196,200,0.2132738000000245,,27520
1776756747.6580255,200,0.21408880000126373,,27520
1776756747.6605625,200,0.2168154000009963,,27520
1776756747.6695485,200,0.424651499999527,,27520
1776756747.6817477,200,0.21568329999900016,,27520
1776756747.7104921,200,0.21299980000003416,,27520
1776756747.7120109,200,0.217104899998958,,27520
1776756747.719576,200,0.07751969999844732,,27520
1776756747.719576,200,0.07855290000043169,,27520
1776756747.719576,200,0.07825740000043879,,27520
1776756747.7205942,200,0.07826049999857787,,27520
1776756747.7221177,200,0.07900530000006256,,27520
1776756747.7221177,200,0.07999449999988428,,27520
1776756747.7221177,200,0.08025350000025355,,27520
1776756747.7221177,200,0.0797441999984585,,27520
1776756747.7221177,200,0.08033329999852867,,27520
1776756747.7289104,200,0.2340000999993208,,27520
1776756747.7289104,200,0.07913989999906335,,27520
1776756747.7443457,200,0.07587270000112767,,27520
1776756747.7443457,200,0.21969299999909708,,27520
1776756747.7443457,200,0.07549650000146357,,27520
1776756747.7453153,200,0.07575809999980265,,27520
1776756747.7453153,200,0.07639449999987846,,27520
1776756747.746315,200,0.20313549999991665,,27520
1776756747.7476685,200,0.20439339999938966,,27520
1776756747.74855,200,0.08062019999852055,,27520
1776756747.7516923,200,0.0839520999998058,,27520
1776756747.7622461,200,0.21876229999907082,,27520
1776756747.826419,200,0.07926899999984016,,27520
1776756747.8284206,200,0.08183400000052643,,27520
1776756747.8393974,200,0.07715160000043397,,27520
1776756747.8413885,200,0.07966369999849121,,27520
1776756747.8724766,200,0.20398909999858006,,27520
1776756747.8762789,200,0.2073288000010507,,27520
1776756747.8762789,200,0.20670489999974961,,27520
1776756747.8762789,200,0.20789700000023004,,27520
1776756747.8802688,200,0.0777870999991137,,27520
1776756747.8812594,200,0.07843739999952959,,27520
1776756747.8822594,200,0.21227659999931348,,27520
1776756747.8828773,200,0.21323359999951208,,27520
1776756747.8984551,200,0.07528140000067651,,27520
1776756747.9004576,200,0.07772119999935967,,27520
1776756747.9014544,200,0.07863390000056825,,27520
1776756747.9014544,200,0.07797110000137764,,27520
1776756747.9024534,200,0.07787529999950493,,27520
1776756747.9024534,200,0.07973259999926086,,27520
1776756747.9024534,200,0.07828950000111945,,27520
1776756747.9024534,200,0.25088639999921725,,27520
1776756747.903292,200,0.07983039999999164,,27520
1776756747.904282,200,0.08109280000098806,,27520
1776756747.9052594,200,0.07806760000130453,,27520
1776756747.9086678,200,0.08210449999933189,,27520
1776756747.9125018,200,0.08552370000143128,,27520
1776756747.9154937,200,0.07545089999985066,,27520
1776756747.9154937,200,0.07573950000005425,,27520
1776756747.925737,200,0.22006980000151088,,27520
1776756747.9266105,200,0.21985070000118867,,27520
1776756747.9423335,200,0.07894239999950514,,27520
1776756747.9570713,200,0.2109349000002112,,27520
1776756747.9590588,200,0.21855040000082226,,27520
1776756747.9731088,200,0.22613410000121803,,27520
1776756748.0262852,200,0.20166450000033365,,27520
1776756748.0298367,200,0.20357399999920744,,27520
1776756748.0357044,200,0.20877350000046135,,27520
1776756748.041348,200,0.07590630000049714,,27520
1776756748.0421107,200,0.07624980000036885,,27520
1776756748.044664,200,0.0764229999986128,,27520
1776756748.044664,200,0.07619340000019292,,27520
1776756748.0466614,200,0.078384599999481,,27520
1776756748.0476599,200,0.07849030000033963,,27520
1776756748.0487633,200,0.07977519999985816,,27520
1776756748.0492795,200,0.08065090000127384,,27520
1776756748.0492795,200,0.08015340000019933,,27520
1776756748.0573134,200,0.23407829999996466,,27520
1776756748.0666234,200,0.075478299999304,,27520
1776756748.0679584,200,0.0767429000006814,,27520
1776756748.070345,200,0.0791322000004584,,27520
1776756748.071729,200,0.23122570000123233,,27520
1776756748.0725253,200,0.08135000000038417,,27520
1776756748.0950346,200,0.07592710000062652,,27520
1776756748.0954545,200,0.07657140000083018,,27520
1776756748.0969677,200,0.0774249999994936,,27520
1776756748.1009262,200,0.08317840000017895,,27520
1776756748.1234074,200,0.20610579999993206,,27520
1776756748.1260428,200,0.20787389999895822,,27520
1776756748.1345484,200,0.6106827999992674,,27520
1776756748.1427922,200,0.07737810000071477,,27520
1776756748.1480238,200,0.20636469999953988,,27520
1776756748.150514,200,0.20920480000131647,,27520
1776756748.1577756,200,0.6343921000006958,,27520
1776756748.1800156,200,0.21254039999985253,,27520
1776756748.1806128,200,0.21380890000000363,,27520
1776756748.1966574,200,0.0798384999998234,,27520
1776756748.197665,200,0.07704890000059095,,27520
1776756748.197665,200,0.07733999999982188,,27520
1776756748.198656,200,0.07772380000096746,,27520
1776756748.198656,200,0.0776160000004893,,27520
1776756748.2174003,200,0.07725249999930384,,27520
1776756748.2195492,200,0.07817459999932908,,27520
1776756748.2195492,200,0.07878960000016377,,27520
1776756748.2195492,200,0.07904140000027837,,27520
1776756748.22054,200,0.07924289999937173,,27520
1776756748.2215402,200,0.07970000000022992,,27520
1776756748.2225406,200,0.2527788999996119,,27520
1776756748.2225406,200,0.08098439999957918,,27520
1776756748.2272675,200,0.20067370000106166,,27520
1776756748.2374926,200,0.08168169999953534,,27520
1776756748.2374926,200,0.0811665000001085,,27520
1776756748.2374926,200,0.21874629999911122,,27520
1776756748.2374926,200,0.0822107000003598,,27520
1776756748.2382948,200,0.21723930000007385,,27520
1776756748.2382948,200,0.08159109999905922,,27520
1776756748.2382948,200,0.21753549999993993,,27520
1776756748.2382948,200,0.21775960000013583,,27520
1776756748.2392874,200,0.08263280000028317,,27520
1776756748.2392874,200,0.21834010000020498,,27520
1776756748.2402875,200,0.2206793999994261,,27520
1776756748.2478876,200,0.22692090000055032,,27520
1776756748.2488859,200,0.20602659999894968,,27520
1776756748.2546453,200,0.2112329999999929,,27520
1776756748.2736712,200,0.07931749999988824,,27520
1776756748.3108747,200,0.08125380000092264,,27520
1776756748.3225858,200,0.07460050000008778,,27520
1776756748.3565133,200,0.08393969999997353,,27520
1776756748.3575573,200,0.08511929999986023,,27520
1776756748.3756406,200,0.234045100000003,,27520
1776756748.386128,200,0.07759309999892139,,27520
1776756748.386128,200,0.07570820000000822,,27520
1776756748.386128,200,0.07727879999947618,,27520
1776756748.3871286,200,0.07782239999869489,,27520
1776756748.388128,200,0.0772622999993473,,27520
1776756748.3891282,200,0.0803717000017059,,27520
1776756748.3891282,200,0.08006609999938519,,27520
1776756748.3901289,200,0.08078669999849808,,27520
1776756748.3901289,200,0.08024470000054862,,27520
1776756748.391129,200,0.08186710000154562,,27520
1776756748.3991346,200,0.20555390000117768,,27520
1776756748.4031332,200,0.20845199999894248,,27520
1776756748.4061372,200,0.2113891999997577,,27520
1776756748.422687,200,0.20763299999998708,,27520
1776756748.4246876,200,0.20935480000116513,,27520
1776756748.4267302,200,0.07508530000086466,,27520
1776756748.4277189,200,0.07858269999996992,,27520
1776756748.4287188,200,0.07448440000007395,,27520
1776756748.4329937,200,0.08302379999986442,,27520
1776756748.433977,200,0.07979619999969145,,27520
1776756748.4349766,200,0.0815880999998626,,27520
1776756748.4359763,200,0.0844331999996939,,27520
1776756748.4359763,200,0.08169180000004417,,27520
1776756748.4379756,200,0.08043989999896439,,27520
1776756748.4379756,200,0.5976640999997471,,27520
1776756748.4389794,200,0.22314759999972011,,27520
1776756748.4445217,200,0.2144369999987248,,27520
1776756748.4445217,200,0.21533009999984642,,27520
1776756748.492337,200,0.08923159999903874,,27520
1776756748.5124185,200,0.2024433999995381,,27520
1776756748.5228095,200,0.2123658999989857,,27520
1776756748.5238044,200,0.21389010000166309,,27520
1776756748.558754,200,0.20504239999900165,,27520
1776756748.560757,200,0.2513338999997359,,27520
1776756748.560757,200,0.07809069999893836,,27520
1776756748.560757,200,0.07704769999872951,,27520
1776756748.5627575,200,0.07869879999998375,,27520
1776756748.5627575,200,0.0790101999991748,,27520
1776756748.5627575,200,0.08036080000056245,,27520
1776756748.5627575,200,0.0762577000004967,,27520
1776756748.5627575,200,0.07660480000049574,,27520
1776756748.5627575,200,0.07992410000042582,,27520
1776756748.563757,200,0.07939210000040475,,27520
1776756748.5647595,200,0.08064070000000356,,27520
1776756748.5647595,200,0.08053319999999076,,27520
1776756748.565757,200,0.08092650000071444,,27520
1776756748.565757,200,0.08008399999926041,,27520
1776756748.5667593,200,0.21254279999993742,,27520
1776756748.5687551,200,0.21758580000096117,,27520
1776756748.5687551,200,0.2177838999996311,,27520
1776756748.5728426,200,0.220857000000251,,27520
1776756748.5848916,200,0.07731830000011541,,27520
1776756748.5882192,200,0.08149740000044403,,27520
1776756748.5902724,200,0.07771229999889329,,27520
1776756748.593306,200,0.07838720000108879,,27520
1776756748.593306,200,0.08014039999943634,,27520
1776756748.5982618,200,0.08550769999965269,,27520
1776756748.6273134,200,0.6059950000017125,,27520
1776756748.6303132,200,0.07716749999963213,,27520
1776756748.641915,200,0.23917290000099456,,27520
1776756748.6905715,200,0.20570609999958833,,27520
1776756748.6915724,200,0.20660750000024564,,27520
1776756748.6983125,200,0.2128763999990042,,27520
1776756748.6993134,200,0.07919210000000021,,27520
1776756748.6993134,200,0.2138345000003028,,27520
1776756748.6993134,200,0.21427820000099018,,27520
1776756748.7003136,200,0.07934329999989131,,27520
1776756748.7210927,200,0.2063772000001336,,27520
1776756748.7325666,200,0.7112927999987733,,27520
1776756748.7415771,200,0.07471480000094743,,27520
1776756748.7421222,200,0.07626359999994747,,27520
1776756748.7421222,200,0.07695439999952214,,27520
1776756748.7431118,200,0.07658719999926689,,27520
1776756748.7431118,200,0.07622050000099989,,27520
1776756748.7431118,200,0.07590150000032736,,27520
1776756748.7446864,200,0.07724640000014915,,27520
1776756748.7452035,200,0.07685620000120252,,27520
1776756748.747196,200,0.07934240000031423,,27520
1776756748.747196,200,0.07968979999895964,,27520
1776756748.747196,200,0.08046979999926407,,27520
1776756748.7483392,200,0.07936189999963972,,27520
1776756748.7483392,200,0.08133290000114357,,27520
1776756748.7506864,200,0.08164000000033411,,27520
1776756748.7526848,200,0.08379910000076052,,27520
1776756748.7558753,200,0.20260460000099556,,27520
1776756748.7594883,200,0.07831430000078399,,27520
1776756748.7616684,200,0.07760679999955755,,27520
1776756748.764685,200,0.21208169999954407,,27520
1776756748.765683,200,0.21196640000016487,,27520
1776756748.765683,200,0.21360720000120637,,27520
1776756748.7679589,200,0.214043899999524,,27520
1776756748.7728302,200,0.09088599999995495,,27520
1776756748.7728302,200,0.22114679999867803,,27520
1776756748.7751808,200,0.2213011000003462,,27520
1776756748.7809494,200,0.20349290000012843,,27520
1776756748.7882123,200,0.23413369999980205,,27520
1776756748.859907,200,0.08071509999899718,,27520
1776756748.8705695,200,0.25067829999898095,,27520
1776756748.8775814,200,0.2098792000015237,,27520
1776756748.8815715,200,0.213950899998963,,27520
1776756748.884781,200,0.07605190000140283,,27520
1776756748.884781,200,0.07549159999871335,,27520
1776756748.8857815,200,0.07657319999998435,,27520
1776756748.886781,200,0.21819700000014564,,27520
1776756748.8877783,200,0.21979370000008203,,27520
1776756748.8928046,200,0.20872779999990598,,27520
1776756748.910187,200,0.07391819999975269,,27520
1776756748.9122062,200,0.0763411999996606,,27520
1776756748.9138396,200,0.07842320000054315,,27520
1776756748.9138396,200,0.07723939999959839,,27520
1776756748.9138396,200,0.07769740000003367,,27520
1776756748.9173906,200,0.0807583000005252,,27520
1776756748.9183123,200,0.08061500000076194,,27520
1776756748.9183123,200,0.08127700000113691,,27520
1776756748.9193115,200,0.081830600000103,,27520
1776756748.9223108,200,0.20623589999922842,,27520
1776756748.9223108,200,0.2384247999998479,,27520
1776756748.9233105,200,0.20830019999993965,,27520
1776756748.9334958,200,0.07817120000072464,,27520
1776756748.9334958,200,0.07698230000096373,,27520
1776756748.9334958,200,0.07669080000050599,,27520
1776756748.9344957,200,0.07909300000028452,,27520
1776756748.936496,200,0.08078429999841319,,27520
1776756748.936496,200,0.07808829999885347,,27520
1776756748.940496,200,0.2079279999998107,,27520
1776756748.940496,200,0.08244159999958356,,27520
1776756748.9414964,200,0.08230709999952524,,27520
1776756748.9414964,200,0.08619030000045313,,27520
1776756748.946085,200,0.07450299999982235,,27520
1776756748.9872386,200,0.20829690000027767,,27520
1776756748.9889545,200,0.20950810000067577,,27520
1776756749.013508,200,0.20490909999898577,,27520
1776756749.0379887,200,0.6829390999992029,,27520
1776756749.0424387,200,0.07460179999907268,,27520
1776756749.0447686,200,0.0757512999989558,,27520
1776756749.0456853,200,0.07703939999919385,,27520
1776756749.05556,200,0.24648309999975027,,27520
1776756749.0572004,200,0.0749043999985588,,27520
1776756749.0589943,200,0.20289300000149524,,27520
1776756749.0599918,200,0.07775890000084473,,27520
1776756749.062878,200,0.20426079999924696,,27520
1776756749.0697234,200,0.2118637999992643,,27520
1776756749.0707216,200,0.21291680000103952,,27520
1776756749.0717218,200,0.214113100000759,,27520
1776756749.0778418,200,0.21913400000084948,,27520
1776756749.081374,200,0.07628620000105002,,27520
1776756749.0823736,200,0.07741379999970377,,27520
1776756749.0834286,200,0.07860900000014226,,27520
1776756749.083983,200,0.2252981000001455,,27520
1776756749.0849345,200,0.07945639999888954,,27520
1776756749.0849345,200,0.22729090000029828,,27520
1776756749.0849345,200,0.0796745000006922,,27520
1776756749.0911822,200,0.07682569999997213,,27520
1776756749.092182,200,0.07865250000031665,,27520
1776756749.094183,200,0.08028279999962251,,27520
1776756749.0990217,200,0.08402999999998428,,27520
1776756749.1145458,200,0.07649709999896004,,27520
1776756749.115089,200,0.07496379999975034,,27520
1776756749.1170547,200,0.07932239999900048,,27520
1776756749.1190543,200,0.07938809999905061,,27520
1776756749.1200547,200,0.08135959999890474,,27520
1776756749.121894,200,0.0811812000010832,,27520
1776756749.121894,200,0.08186729999943054,,27520
1776756749.122886,200,0.2506571999983862,,27520
1776756749.1238866,200,0.0841725000009319,,27520
1776756749.1814697,200,0.21356460000060906,,27520
1776756749.1814697,200,0.6267744999986462,,27520
1776756749.1834695,200,0.21589359999961744,,27520
1776756749.1854696,200,0.21622430000024906,,27520
1776756749.1890838,200,0.2202115000000049,,27520
1776756749.1890838,200,0.07682260000001406,,27520
1776756749.1905847,200,0.20867750000070373,,27520
1776756749.1967115,200,0.07497509999848262,,27520
1776756749.217814,200,0.2040369999995164,,27520
1776756749.2208645,200,0.20657310000024154,,27520
1776756749.2393136,200,0.07762079999884008,,27520
1776756749.240312,200,0.07654659999934665,,27520
1776756749.240312,200,0.0779694999982894,,27520
1776756749.240312,200,0.07787699999971665,,27520
1776756749.24621,200,0.07339519999914046,,27520
1776756749.2472084,200,0.2069126000005781,,27520
1776756749.2499225,200,0.07733720000032918,,27520
1776756749.2509203,200,0.0772847999996884,,27520
1776756749.2509203,200,0.23645670000041719,,27520
1776756749.2509203,200,0.2097909999993135,,27520
1776756749.2509203,200,0.20998800000052142,,27520
1776756749.2529225,200,0.07902570000078413,,27520
1776756749.2536435,200,0.08049199999913981,,27520
1776756749.2541926,200,0.08094610000080138,,27520
1776756749.254732,200,0.08100930000000517,,27520
1776756749.2603807,200,0.076054799999838,,27520
1776756749.2633798,200,0.07888519999869459,,27520
1776756749.2633798,200,0.07984899999974004,,27520
1776756749.2633798,200,0.07961260000047332,,27520
1776756749.2803612,200,0.20563749999928405,,27520
1776756749.2913454,200,0.07817310000064026,,27520
1776756749.2920177,200,0.07907340000019758,,27520
1776756749.2945707,200,0.08082419999846024,,27520
1776756749.2956955,200,0.08224069999960193,,27520
1776756749.2956955,200,0.08239680000042426,,27520
1776756749.2999651,200,0.08394620000035502,,27520
1776756749.3133838,200,0.238433200000145,,27520
1776756749.3527355,200,0.0749589000006381,,27520
1776756749.3553944,200,0.07734550000168383,,27520
1776756749.3642821,200,0.20211980000021867,,27520
1776756749.3691342,200,0.20670249999966472,,27520
1776756749.3751283,200,0.21291159999964293,,27520
1776756749.3798962,200,0.21695530000033614,,27520
1776756749.3798962,200,0.21759340000062366,,27520
1776756749.3820782,200,0.21894020000036107,,27520
1776756749.3820782,200,0.20928180000009888,,27520
1776756749.3881803,200,0.0777698000001692,,27520
1776756749.3881803,200,0.07754429999840795,,27520
1776756749.4085343,200,0.24652480000077048,,27520
1776756749.421946,200,0.07466919999933452,,27520
1776756749.4237046,200,0.07717990000128339,,27520
1776756749.4247696,200,0.076512300000104,,27520
1776756749.4256942,200,0.07641520000106539,,27520
1776756749.4256942,200,0.07906640000146581,,27520
1776756749.4266946,200,0.07905790000040724,,27520
1776756749.4266946,200,0.07863779999934195,,27520
1776756749.4286945,200,0.08039160000043921,,27520
1776756749.4286945,200,0.0796107000005577,,27520
1776756749.4286945,200,0.08079619999989518,,27520
1776756749.429695,200,0.08196779999889259,,27520
1776756749.429695,200,0.2133570999994845,,27520
1776756749.429695,200,0.08171820000097796,,27520
1776756749.4316964,200,0.2147175000009156,,27520
1776756749.4325035,200,0.0770580999997037,,27520
1776756749.4334908,200,0.0786748999998963,,27520
1776756749.4400678,200,0.7551889000005758,,27520
1776756749.451385,200,0.07961559999966994,,27520
1776756749.4533858,200,0.08091849999982514,,27520
1776756749.4550786,200,0.08231840000007651,,27520
1776756749.4630618,200,0.07565009999962058,,27520
1776756749.4660618,200,0.2506135000003269,,27520
1776756749.4690623,200,0.08289919999879203,,27520
1776756749.4726334,200,0.08563169999979436,,27520
1776756749.4803777,200,0.21843660000013188,,27520
1776756749.48237,200,0.2203243999992992,,27520
1776756749.48237,200,0.07768570000007458,,27520
1776756749.4833689,200,0.2050345000006928,,27520
1776756749.4833689,200,0.2053122000015719,,27520
1776756749.4862218,200,0.20835540000007313,,27520
1776756749.4960623,200,0.21856729999853997,,27520
1776756749.542884,200,0.07597829999940586,,27520
1776756749.5453393,200,0.07821580000018002,,27520
1776756749.554842,200,0.20774379999966186,,27520
1776756749.5563462,200,0.2087534999991476,,27520
1776756749.5573466,200,0.2093659000001935,,27520
1776756749.5616517,200,0.20623230000092008,,27520
1776756749.5705411,200,0.07420100000126695,,27520
1776756749.5848541,200,0.23736699999972188,,27520
1776756749.607759,200,0.0757541000002675,,27520
1776756749.607759,200,0.07601210000029823,,27520
1776756749.6103845,200,0.07815169999958016,,27520
1776756749.6113834,200,0.07904120000057446,,27520
1776756749.6113834,200,0.07863729999917268,,27520
1776756749.6113834,200,0.07927419999941776,,27520
1776756749.6133838,200,0.08184910000090895,,27520
1776756749.6133838,200,0.07930310000119789,,27520
1776756749.6133838,200,0.08049729999947886,,27520
1776756749.6133838,200,0.08015680000062275,,27520
1776756749.6143844,200,0.08122950000142737,,27520
1776756749.6143844,200,0.08022970000092755,,27520
1776756749.6143844,200,0.08079469999938738,,27520
1776756749.6238751,200,0.07988279999881343,,27520
1776756749.6248746,200,0.2382106000004569,,27520
1776756749.6254985,200,0.08161680000011984,,27520
1776756749.626489,200,0.08248920000005455,,27520
1776756749.6359115,200,0.20279500000106054,,27520
1776756749.6369095,200,0.07553660000121454,,27520
1776756749.6443563,200,0.08245460000034655,,27520
1776756749.6553252,200,0.2047101999996812,,27520
1776756749.6553252,200,0.07652749999942898,,27520
1776756749.6631987,200,0.21289960000103747,,27520
1776756749.666729,200,0.08778030000030412,,27520
1776756749.6691415,200,0.2179588999988482,,27520
1776756749.6769793,200,0.20997320000060427,,27520
1776756749.679317,200,0.21307979999983218,,27520
1776756749.6834705,200,0.21681729999909294,,27520
1776756749.7138953,200,0.07718840000052296,,27520
1776756749.7148952,200,0.07766200000151002,,27520
1776756749.7272553,200,0.24646890000076382,,27520
1776756749.742301,200,0.20907270000134304,,27520
1776756749.7501585,200,0.21587360000012268,,27520
1776756749.7846825,200,0.2053474999993341,,27520
1776756749.7856815,200,0.07432650000009744,,27520
1776756749.7892811,200,0.07696709999981977,,27520
1776756749.7892811,200,0.07753830000001471,,27520
1776756749.7902815,200,0.07809230000020762,,27520
1776756749.7902815,200,0.07794950000061363,,27520
1776756749.7902815,200,0.07775889999902574,,27520
1776756749.7902815,200,0.078878899999836,,27520
1776756749.7902815,200,0.21141029999853345,,27520
1776756749.7912815,200,0.07807479999974021,,27520
1776756749.792282,200,0.07947530000092229,,27520
1776756749.792282,200,0.0791975000011007,,27520
1776756749.792282,200,0.07976389999930689,,27520
1776756749.7932818,200,0.07786510000005364,,27520
1776756749.7958674,200,0.0806194000015239,,27520
1776756749.796897,200,0.21806170000127167,,27520
1776756749.796897,200,0.2179835999995703,,27520
1776756749.7978885,200,0.08395109999946726,,27520
1776756749.7978885,200,0.08223829999951704,,27520
1776756749.8061516,200,0.262647300000026,,27520
1776756749.8103795,200,0.24857239999982994,,27520
1776756749.8179584,200,0.08100860000013199,,27520
1776756749.820507,200,0.08271669999885489,,27520
1776756749.8228035,200,0.0751574999994773,,27520
1776756749.828966,200,0.0807295000013255,,27520
1776756749.8425226,200,0.20586209999964922,,27520
1776756749.8456824,200,0.20797090000087337,,27520
1776756749.8554792,200,0.07635140000093088,,27520
1776756749.8601463,200,0.22359620000133873,,27520
1776756749.8621647,200,0.20857650000107242,,27520
1776756749.8631513,200,0.20887589999983902,,27520
1776756749.8652241,200,0.08486900000025344,,27520
1776756749.874277,200,0.20517880000079458,,27520
1776756749.9064224,200,0.07981800000015937,,27520
1776756749.9153903,200,0.0761808999995992,,27520
1776756749.9454226,200,0.23429459999897517,,27520
1776756749.9474254,200,0.07460300000093412,,27520
1776756749.9500444,200,0.20284320000064326,,27520
1776756749.9500444,200,0.07733389999884821,,27520
1776756749.95397,200,0.08044909999989613,,27520
1776756749.95397,200,0.20568399999865505,,27520
1776756749.95397,200,0.08043680000082531,,27520
1776756749.95397,200,0.23786590000054275,,27520
1776756749.95397,200,0.08037359999980254,,27520
1776756749.9549167,200,0.08179709999967599,,27520
1776756749.978567,200,0.07510800000090967,,27520
1776756749.9802465,200,0.07748689999971248,,27520
1776756749.9802465,200,0.07801560000007157,,27520
1776756749.9832363,200,0.07896989999971993,,27520
1776756749.9832363,200,0.08038239999950747,,27520
1776756749.9842367,200,0.0811186999999336,,27520
1776756749.9852364,200,0.07959649999975227,,27520
1776756749.9852364,200,0.08154640000066138,,27520
1776756749.992659,200,0.21389329999874462,,27520
1776756749.993653,200,0.08902969999871857,,27520
1776756749.9953885,200,0.2150476000006165,,27520
1776756750.0158777,200,0.07662369999889052,,27520
1776756750.020948,200,0.08208770000055665,,27520
1776756750.0223162,200,0.21202520000042568,,27520
1776756750.0244617,200,0.2139165000007779,,27520
1776756750.028155,200,0.07674439999937022,,27520
1776756750.028155,200,0.21786310000061349,,27520
1776756750.0291548,200,0.09003819999998086,,27520
1776756750.0331557,200,0.08253859999967972,,27520
1776756750.0768175,200,0.20425230000000738,,27520
1776756750.0871994,200,0.21486250000089058,,27520
1776756750.088198,200,0.2159905999997136,,27520
1776756750.0966427,200,0.08183740000094986,,27520
1776756750.1113977,200,0.20954820000042673,,27520
1776756750.1191242,200,0.24744939999982307,,27520
1776756750.1201222,200,0.2154768000000331,,27520
1776756750.123862,200,0.2198742000000493,,27520
1776756750.1327107,200,0.07429709999996703,,27520
1776756750.133497,200,0.07604019999962475,,27520
1776756750.134496,200,0.07701129999986733,,27520
1776756750.134496,200,0.0763357999985601,,27520
1776756750.1470013,200,0.07559849999961443,,27520
1776756750.1509602,200,0.07620950000091398,,27520
1776756750.1514761,200,0.07660810000015772,,27520
1776756750.1514761,200,0.07723210000040126,,27520
1776756750.1519876,200,0.07725399999981164,,27520
1776756750.152982,200,0.07763390000036452,,27520
1776756750.1540267,200,0.07900840000002063,,27520
1776756750.1540267,200,0.07888079999975162,,27520
1776756750.1550741,200,0.24901649999992514,,27520
1776756750.1587486,200,0.20753849999891827,,27520
1776756750.1600833,200,0.20906540000032692,,27520
1776756750.1646595,200,0.2587554000001546,,27520
1776756750.1693447,200,0.21791699999994307,,27520
1776756750.183691,200,0.0766884000004211,,27520
1776756750.18569,200,0.07829339999989315,,27520
1776756750.18569,200,0.07793719999972382,,27520
1776756750.18569,200,0.2093552999995154,,27520
1776756750.1872962,200,0.08040119999895978,,27520
1776756750.1991963,200,0.07694039999842062,,27520
1776756750.2001965,200,0.07902439999998023,,27520
1776756750.2237337,200,0.2095816000000923,,27520
1776756750.2328346,200,0.20537880000119912,,27520
1776756750.2537346,200,0.08392620000086026,,27520
1776756750.2616103,200,0.2029622999998537,,27520
1776756750.2616103,200,0.07781489999979385,,27520
1776756750.2795737,200,0.20550720000028377,,27520
1776756750.2795737,200,0.08039319999988948,,27520
1776756750.2832475,200,0.08375639999940176,,27520
1776756750.292748,200,0.2345575999988796,,27520
1776756750.3017142,200,0.08197049999944284,,27520
1776756750.3053763,200,0.0745982999997068,,27520
1776756750.3067439,200,0.2478071000005002,,27520
1776756750.3262942,200,0.0737781999996514,,27520
1776756750.3274522,200,0.07558339999923191,,27520
1776756750.3284512,200,0.07712199999878067,,27520
1776756750.3294506,200,0.07631310000033409,,27520
1776756750.3294506,200,0.07759160000023257,,27520
1776756750.3304508,200,0.07784619999983988,,27520
1776756750.3304508,200,0.07800969999880181,,27520
1776756750.3366168,200,0.21490489999996498,,27520
1776756750.3366168,200,0.21493760000157636,,27520
1776756750.3381693,200,0.07607739999912155,,27520
1776756750.3562932,200,0.07825600000069244,,27520
1776756750.3562932,200,0.0788711000004696,,27520
1776756750.357293,200,0.07856950000132201,,27520
1776756750.3805509,200,0.21115330000066024,,27520
1776756750.3832457,200,0.21332690000053844,,27520
1776756750.4044228,200,0.07978820000062115,,27520
1776756750.4213977,200,0.22258329999931448,,27520
1776756750.422805,200,0.20394519999899785,,27520
1776756750.4268475,200,0.20695919999889156,,27520
1776756750.4313648,200,0.21257019999939075,,27520
1776756750.433365,200,0.07824499999878753,,27520
1776756750.433365,200,0.2144124999995256,,27520
1776756750.4343643,200,0.08122700000058103,,27520
1776756750.4444435,200,0.21409229999881063,,27520
1776756750.45009,200,0.07467619999988528,,27520
1776756750.4520893,200,0.2214640000001964,,27520
1776756750.4536164,200,0.07834009999896807,,27520
1776756750.4557576,200,0.08012950000011188,,27520
1776756750.4730725,200,0.24300290000064706,,27520
1776756750.4849205,200,0.08168750000004366,,27520
1776756750.4979863,200,0.08080899999913527,,27520
1776756750.5009844,200,0.08237279999957536,,27520
1776756750.5009844,200,0.22195389999978943,,27520
1776756750.5009844,200,0.08019920000151615,,27520
1776756750.5009844,200,0.08239979999962088,,27520
1776756750.5009844,200,0.08196750000024622,,27520
1776756750.5009844,200,0.08168619999923976,,27520
1776756750.5009844,200,0.20863900000040303,,27520
1776756750.5029852,200,0.08446009999897797,,27520
1776756750.5266235,200,0.07656859999951848,,27520
1776756750.528617,200,0.07805349999944156,,27520
1776756750.528617,200,0.2505903999990551,,27520
1776756750.5304825,200,0.07941219999884197,,27520
1776756750.543318,200,0.07602479999877687,,27520
1776756750.5440788,200,0.219796999999744,,27520
1776756750.5449684,200,0.07733559999905992,,27520
1776756750.5554476,200,0.26205450000088604,,27520
1776756750.5621943,200,0.20714650000081747,,27520
1776756750.597687,200,0.07643809999899531,,27520
1776756750.597687,200,0.07743149999987509,,27520
1776756750.597687,200,0.07765250000011292,,27520
1776756750.6053128,200,0.2035832000001392,,27520
1776756750.607886,200,0.08223999999972875,,27520
1776756750.6119132,200,0.20962130000043544,,27520
1776756750.6119132,200,0.2111181000000215,,27520
1776756750.619275,200,0.07757130000027246,,27520
1776756750.6217923,200,0.20470659999955387,,27520
1776756750.6548815,200,0.23589840000022377,,27520
1776756750.6744614,200,0.07709620000059658,,27520
1776756750.6782663,200,0.08022669999991194,,27520
1776756750.6782663,200,0.080972899999324,,27520
1776756750.6782663,200,0.08187750000070082,,27520
1776756750.6864612,200,0.08162819999961357,,27520
1776756750.700213,200,0.07712419999916165,,27520
1776756750.7022123,200,0.07921660000101838,,27520
1776756750.7149804,200,0.21681600000010803,,27520
1776756750.724879,200,0.07644260000051872,,27520
1776756750.7271798,200,0.07548849999875529,,27520
1776756750.7291694,200,0.08081300000048941,,27520
1776756750.7316198,200,0.08336339999914344,,27520
1776756750.7382665,200,0.20995159999984025,,27520
1776756750.7406929,200,0.2191566999990755,,27520
1776756750.7434616,200,0.2150698999994347,,27520
1776756750.747897,200,0.20555360000071232,,27520
1776756750.7621949,200,0.20363630000065314,,27520
1776756750.7654111,200,0.08139769999979762,,27520
1776756750.7674098,200,0.08214650000081747,,27520
1776756750.7704687,200,0.22778550000111863,,27520
1776756750.774656,200,0.07517069999994419,,27520
1776756750.775501,200,0.07623580000108632,,27520
1776756750.7766738,200,0.0769216000007873,,27520
1776756750.7787108,200,0.07852319999983592,,27520
1776756750.812013,200,0.21583520000058343,,27520
1776756750.8134758,200,0.21633810000093945,,27520
1776756750.8143647,200,0.2174144000000524,,27520
1776756750.8219342,200,0.22426269999959914,,27520
1776756750.8390636,200,0.07681109999975888,,27520
1776756750.8390636,200,0.0761977999991359,,27520
1776756750.8517225,200,0.07554739999977755,,27520
1776756750.856475,200,0.2088123000012274,,27520
1776756750.8674455,200,0.2447444000008545,,27520
1776756750.8816826,200,0.07897769999908633,,27520
1776756750.8860962,200,0.07773880000058853,,27520
1776756750.8894324,200,0.0797870000005787,,27520
1776756750.8921404,200,0.20713870000145107,,27520
1776756750.9148474,200,0.07876939999914612,,27520
1776756750.915847,200,0.07909420000032696,,27520
1776756750.930301,200,0.07940760000019509,,27520
1776756750.932303,200,0.07554159999926924,,27520
1776756750.9333022,200,0.07642909999958647,,27520
1776756750.9343028,200,0.07788090000030934,,27520
1776756750.936303,200,0.07970500000010361,,27520
1776756750.936303,200,0.07962380000026315,,27520
1776756750.9485493,200,0.2487989999990532,,27520
1776756750.9559553,200,0.07602659999975003,,27520
1776756750.9615114,200,0.08088130000032834,,27520
1776756750.962511,200,0.5444263000008505,,27520
1776756750.963511,200,0.2183483000007982,,27520
1776756750.9705117,200,0.20796530000006896,,27520
1776756750.9914122,200,0.08095380000122532,,27520
1776756751.006651,200,0.20378100000016275,,27520
1776756751.0093405,200,0.07643970000026457,,27520
1776756751.015211,200,0.20553130000007513,,27520
1776756751.0196638,200,0.21070319999853382,,27520
1776756751.0238302,200,0.26163260000066657,,27520
1776756751.0305455,200,0.0822946000007505,,27520
1776756751.0400023,200,0.07565969999996014,,27520
1776756751.0409997,200,0.2048730999995314,,27520
1776756751.0674303,200,0.0778506999995443,,27520
1776756751.0684042,200,0.07763909999994212,,27520
1776756751.0684042,200,0.07810029999927792,,27520
1776756751.0720284,200,0.21455510000123468,,27520
1776756751.0746095,200,0.23990469999989728,,27520
1776756751.1046958,200,0.07601169999907142,,27520
1776756751.10521,200,0.07599469999877329,,27520
1776756751.108003,200,0.07858130000022356,,27520
1776756751.123289,200,0.2122001999996428,,27520
1776756751.1253972,200,0.21405919999961043,,27520
1776756751.1331956,200,0.20555199999944307,,27520
1776756751.13521,200,0.22419210000043677,,27520
1776756751.1372736,200,0.20859199999904376,,27520
1776756751.1438925,200,0.07863569999972242,,27520
1776756751.1438925,200,0.07875909999893338,,27520
1776756751.1438925,200,0.07896289999916917,,27520
1776756751.1525664,200,0.07641920000060054,,27520
1776756751.1707768,200,0.22156279999944672,,27520
1776756751.1770477,200,0.07760510000116483,,27520
1776756751.178046,200,0.07859920000009879,,27520
1776756751.1797748,200,0.07468059999882826,,27520
1776756751.1816037,200,0.07593380000071193,,27520
1776756751.1989346,200,0.07826919999934034,,27520
1776756751.1999333,200,0.07890109999971173,,27520
1776756751.2141316,200,0.21375269999953161,,27520
1776756751.2151306,200,0.21469909999905212,,27520
1776756751.2261958,200,0.21371159999944211,,27520
1776756751.2261958,200,0.07345130000067002,,27520
1776756751.2298434,200,0.2176063000006252,,27520
1776756751.2328804,200,0.08066839999992226,,27520
1776756751.2338846,200,0.08077620000040042,,27520
1776756751.2371442,200,0.20756319999964035,,27520
1776756751.2756274,200,0.2100862999996025,,27520
1776756751.2932198,200,0.07737549999910698,,27520
1776756751.2956283,200,0.08048099999905389,,27520
1776756751.3096752,200,0.24497940000037488,,27520
1776756751.3127434,200,0.08272060000126658,,27520
1776756751.3426092,200,0.07510040000124718,,27520
1776756751.343598,200,0.07534110000051442,,27520
1776756751.3466287,200,0.07871239999985846,,27520
1776756751.3466287,200,0.07865149999997811,,27520
1776756751.3680017,200,0.07498229999873729,,27520
1776756751.371727,200,0.07796580000103859,,27520
1776756751.3870816,200,0.07803299999977753,,27520
1776756751.4032233,200,0.2508529999995517,,27520
1776756751.4078305,200,0.20889890000034939,,27520
1776756751.4165604,200,0.217515899999853,,27520
1776756751.418135,200,0.20305300000109128,,27520
1776756751.419097,200,0.07827039999938279,,27520
1776756751.4200957,200,0.20426860000043234,,27520
1776756751.4308436,200,0.23407729999962612,,27520
1776756751.4422698,200,0.21230739999919024,,27520
1776756751.4452398,200,0.07904509999934817,,27520
1776756751.4619095,200,0.07583060000069963,,27520
1776756751.4639094,200,0.07815589999881922,,27520
1776756751.4717338,200,0.20441589999973075,,27520
1776756751.4813235,200,0.21303439999974216,,27520
1776756751.4858043,200,0.2553879999995843,,27520
1776756751.510971,200,0.0763215000006312,,27520
1776756751.511972,200,0.07691809999960242,,27520
1776756751.5147462,200,0.08038610000039625,,27520
1776756751.5147462,200,0.07974370000010822,,27520
1776756751.524878,200,0.21507709999968938,,27520
1776756751.52588,200,0.2154835000001185,,27520
1776756751.5272012,200,0.23397300000033283,,27520
1776756751.5405414,200,0.08091559999957099,,27520
1776756751.547523,200,0.20620200000121258,,27520
1776756751.5517359,200,0.2107376000003569,,27520
1776756751.5517359,200,0.21088260000033188,,27520
1776756751.5852275,200,0.07572990000153368,,27520
1776756751.5937803,200,0.08056949999991048,,27520
1776756751.5947154,200,0.08140549999916402,,27520
1776756751.6198504,200,0.21771860000080778,,27520
1776756751.6251967,200,0.08136029999877792,,27520
1776756751.6424513,200,0.24025100000108068,,27520
1776756751.6561863,200,0.08064399999966554,,27520
1776756751.6586535,200,0.08210770000005141,,27520
1776756751.6677902,200,0.07743499999924097,,27520
1776756751.682699,200,0.21781219999866153,,27520
1776756751.6903439,200,0.0755805999997392,,27520
1776756751.691346,200,0.07738730000164651,,27520
1776756751.692607,200,0.07784580000043206,,27520
1776756751.692607,200,0.07836219999990135,,27520
1776756751.7002058,200,0.07644270000128017,,27520
1776756751.7002058,200,0.07763779999913822,,27520
1776756751.7195868,200,0.21053979999851435,,27520
1776756751.7226844,200,0.21327470000142057,,27520
1776756751.7329419,200,0.2062022000009165,,27520
1776756751.738805,200,0.22682609999901615,,27520
1776756751.7490928,200,0.20563949999996112,,27520
1776756751.768517,200,0.08074200000010023,,27520
1776756751.8221664,200,0.07454429999961576,,27520
1776756751.8247583,200,0.07800339999994321,,27520
1776756751.8468344,200,0.08025160000033793,,27520
1776756751.8468344,200,0.20977880000100413,,27520
1776756751.8605332,200,0.22053190000042378,,27520
1776756751.8717284,200,0.20363349999934144,,27520
1776756751.8848712,200,0.0759608999996999,,27520
1776756751.8848712,200,0.07617940000091039,,27520
1776756751.8871894,200,0.07828080000035698,,27520
1776756751.8888032,200,0.07959200000004785,,27520
1776756751.8888032,200,0.24960210000062943,,27520
1776756751.8933558,200,0.20454740000059246,,27520
1776756751.9032166,200,0.07843330000105198,,27520
1776756751.9238777,200,0.20973919999960344,,27520
1776756751.9338021,200,0.23434309999902325,,27520
1776756751.9736528,200,0.2063852000010229,,27520
1776756751.9934373,200,0.07539179999912449,,27520
1776756752.0137625,200,0.08020800000122108,,27520
1776756752.0196354,200,0.08557690000088769,,27520
1776756752.0216339,200,0.21380080000017188,,27520
1776756752.0238175,200,0.21472560000074736,,27520
1776756752.0252357,200,0.21570100000099046,,27520
1776756752.0433292,200,0.07576270000026852,,27520
1776756752.0475986,200,0.0796626000010292,,27520
1776756752.0475986,200,0.07968990000154008,,27520
1776756752.0487213,200,0.20451739999953134,,27520
1776756752.0587795,200,0.23482999999941967,,27520
1776756752.0607772,200,0.2039158999996289,,27520
1776756752.0640056,200,0.2555733000008331,,27520
1776756752.068381,200,0.07671959999970568,,27520
1776756752.0693815,200,0.07630880000033358,,27520
1776756752.0758905,200,0.08465869999963616,,27520
1776756752.0868914,200,0.07455699999991339,,27520
1776756752.0879393,200,0.0754144999991695,,27520
1776756752.112423,200,0.2101222000001144,,27520
1776756752.1198363,200,0.07905070000015257,,27520
1776756752.127376,200,0.5513082999987091,,27520
1776756752.135109,200,0.07648949999929755,,27520
1776756752.1533916,200,0.07948959999885119,,27520
1776756752.1806562,200,0.2186096000004909,,27520
1776756752.2087414,200,0.21619279999868013,,27520
1776756752.230048,200,0.07784510000055889,,27520
1776756752.230048,200,0.07801789999939501,,27520
1776756752.2320466,200,0.0791880000015226,,27520
1776756752.244125,200,0.0936638999992283,,27520
1776756752.2503555,200,0.07467630000064673,,27520
1776756752.27728,200,0.07539539999925182,,27520
1776756752.281506,200,0.07980159999897296,,27520
1776756752.3069239,200,0.07858860000123968,,27520
1776756752.3158169,200,0.21039699999892036,,27520
1776756752.3181655,200,0.2126657000007981,,27520
1776756752.3573012,200,0.2068552999990061,,27520
1776756752.359721,200,0.20874750000075437,,27520
1776756752.362571,200,0.20953799999915645,,27520
1776756752.3674242,200,0.2168536999997741,,27520
1776756752.3770478,200,0.20203570000012405,,27520
1776756752.3851955,200,0.07985639999969862,,27520
1776756752.3933153,200,0.2183048000006238,,27520
1776756752.4271424,200,0.07825079999929585,,27520
1776756752.4291317,200,0.0797378999995999,,27520
1776756752.453898,200,0.08132900000055088,,27520
1776756752.4785972,200,0.20339529999910155,,27520
1776756752.5089,200,0.08347309999953723,,27520
1776756752.5089,200,0.26051530000040657,,27520
1776756752.5306902,200,0.07870569999977306,,27520
1776756752.5333133,200,0.08048079999934998,,27520
1776756752.5539923,200,0.20510640000065905,,27520
1776756752.5589473,200,0.21056680000037886,,27520
1776756752.5845337,200,0.23531589999947755,,27520
1776756752.585535,200,0.21294680000028166,,27520
1776756752.605188,200,0.07557799999995041,,27520
1776756752.6056979,200,0.07580989999951271,,27520
1776756752.6094987,200,0.22291340000083437,,27520
1776756752.6270838,200,0.08005100000082166,,27520
1776756752.6352394,200,0.07592970000041532,,27520
1776756752.641344,200,0.21634090000043216,,27520
1776756752.6580667,200,0.2046955000005255,,27520
1776756752.681604,200,0.07848050000029616,,27520
1776756752.6824589,200,0.208878099998401,,27520
1776756752.694784,200,0.2416267999997217,,27520
1776756752.703523,200,0.07833589999972901,,27520
1776756752.7128801,200,0.076137000000017,,27520
1776756752.7288122,200,0.07655440000053204,,27520
1776756752.7530034,200,0.26123849999930826,,27520
1776756752.7771888,200,0.07545250000111992,,27520
1776756752.8062599,200,0.0792345000008936,,27520
1776756752.8072598,200,0.08027010000114387,,27520
1776756752.8166044,200,0.21354710000014165,,27520
1776756752.8217363,200,0.07600359999923967,,27520
1776756752.849643,200,0.07485319999977946,,27520
1776756752.8526435,200,0.07681509999929403,,27520
1776756752.86942,200,0.2439262999996572,,27520
1776756752.884984,200,0.07985659999940253,,27520
1776756752.889997,200,0.08497150000039255,,27520
1776756752.9184415,200,0.21683610000036424,,27520
1776756752.9194324,200,0.21828260000074806,,27520
1776756753.019121,200,0.20972450000044773,,27520
1776756753.0258632,200,0.07462459999987914,,27520
1776756753.0302405,200,0.08007360000010522,,27520
1776756753.0591366,200,0.07931829999870388,,27520
1776756753.0621507,200,0.0815335999996023,,27520
1776756753.063928,200,0.2138792999994621,,27520
1776756753.0920098,200,0.2092145000005985,,27520
1776756753.0970583,200,0.20829779999985476,,27520
1776756753.1094549,200,0.22083720000046014,,27520
1776756753.1131904,200,0.20230239999909827,,27520
1776756753.127688,200,0.2170521000007284,,27520
1776756753.1691012,200,0.2179799000005005,,27520
1776756753.1972735,200,0.07618050000019139,,27520
1776756753.2178347,200,0.20553480000126,,27520
1776756753.2428956,200,0.08074219999980414,,27520
1776756753.2457585,200,0.08429239999895799,,27520
1776756753.35608,200,0.2509265000007872,,27520
1776756753.3806727,200,0.07655370000065886,,27520
1776756753.4128811,200,0.07733619999999064,,27520
1776756753.4174795,200,0.20506489999934274,,27520
1776756753.4237425,200,0.21106220000001485,,27520
1776756753.4306276,200,0.08158329999969283,,27520
1776756753.4500878,200,0.2351978999995481,,27520
1776756753.4896753,200,0.21614659999977448,,27520
1776756753.5277696,200,0.07717529999899853,,27520
1776756753.5495973,200,0.21370980000028794,,27520
1776756753.6011884,200,0.07711310000013327,,27520
1776756753.6918826,200,0.2153600000001461,,27520
1776756753.7317312,200,0.2080298999990191,,27520
1776756753.7463887,200,0.20366850000027625,,27520
1776756753.865794,200,0.07890469999983907,,27520
1776756753.919522,200,0.2345117000004393,,27520
1776756753.927316,200,0.07709319999958097,,27520
1776756753.929302,200,0.08029600000008941,,27520
1776756754.2316096,200,0.2566693999997369,,27520
